{
    "perfs_self_play": {
        "time": 4614.002533758,
        "allocated": 418713139401,
        "gc_time": 2106.174793791
    },
    "perfs_memory_analysis": {
        "time": 6.05e-7,
        "allocated": 0,
        "gc_time": 0
    },
    "perfs_learning": {
        "time": 373.761280544,
        "allocated": 35319723928,
        "gc_time": 14.363210369
    },
    "self_play": {
        "samples_gen_speed": 25.411478228759936,
        "average_exploration_depth": 4.40540084793876,
        "mcts_memory_footprint": 11504540,
        "memory_size": 117227,
        "memory_num_distinct_boards": 86699
    },
    "memory": null,
    "learning": {
        "time_convert": 1.350105493,
        "time_loss": 13.665676579,
        "time_train": 149.573241031,
        "time_eval": 180.913322458,
        "initial_status": {
            "loss": {
                "L": 2.4824393,
                "Lp": 0.9487277,
                "Lv": 1.2751353,
                "Lreg": 0.1636971,
                "Linv": 0.09460672
            },
            "Hp": 1.2709439,
            "Hpnet": 1.4704301
        },
        "losses": [
            2.4701302,
            4.1220164,
            3.981894,
            3.1891904,
            2.9023206,
            2.6606832,
            2.667418,
            2.6071153,
            2.5294113,
            2.6332464,
            2.477081,
            2.623016,
            2.4775548,
            2.6314025,
            2.5140238,
            2.5841193,
            2.6569393,
            2.433912,
            2.5091782,
            2.5551884,
            2.5674863,
            2.621859,
            2.5428126,
            2.6340795,
            2.6939192,
            2.5015082,
            2.6123896,
            2.5166495,
            2.595626,
            2.6373343,
            2.7057464,
            2.5804665,
            2.6664162,
            2.5384,
            2.5981474,
            2.4768672,
            2.46311,
            2.6711462,
            2.6975436,
            2.5448008,
            2.5185866,
            2.6163423,
            2.5456913,
            2.4983761,
            2.5662882,
            2.4632368,
            2.706657,
            2.5248213,
            2.5835311,
            2.5597513,
            2.5424526,
            2.540582,
            2.6398807,
            2.6554732,
            2.527473,
            2.5285068,
            2.5534835,
            2.5351589,
            2.4742491,
            2.588727,
            2.5556958,
            2.548828,
            2.633103,
            2.532355,
            2.4736052,
            2.54814,
            2.621746,
            2.4428039,
            2.6162722,
            2.474025,
            2.5109785,
            2.5609963,
            2.4448354,
            2.5472138,
            2.5155232,
            2.5885496,
            2.473324,
            2.4116836,
            2.5906568,
            2.4673457,
            2.62195,
            2.5223541,
            2.62634,
            2.569879,
            2.4149733,
            2.4788444,
            2.4558232,
            2.3900247,
            2.5301404,
            2.4943278,
            2.465431,
            2.435031,
            2.5151129,
            2.6443202,
            2.5150914,
            2.4933665,
            2.465469,
            2.4526267,
            2.4373446,
            2.5235448,
            2.514794,
            2.5262995,
            2.4922698,
            2.551229,
            2.4841976,
            2.5025172,
            2.4226131,
            2.4814544,
            2.430466,
            2.459443,
            2.5358455,
            2.5363524,
            2.524961,
            2.3870056,
            2.4330344,
            2.5331905,
            2.4925258,
            2.477095,
            2.400785,
            2.3981402,
            2.4637282,
            2.4325054,
            2.523994,
            2.4244745,
            2.3827057,
            2.4568608,
            2.3676176,
            2.5562534,
            2.3637984,
            2.4163282,
            2.3766448,
            2.3967953,
            2.4095418,
            2.394524,
            2.4071403,
            2.3122442,
            2.2885702,
            2.3728156,
            2.2939653,
            2.4227445,
            2.263204,
            2.3961148,
            2.4977627,
            2.2799988,
            2.4633298,
            2.3400774,
            2.4324372,
            2.3654778,
            2.325758,
            2.3235228,
            2.3303595,
            2.3357155,
            2.4516375,
            2.3899837,
            2.3505335,
            2.3583465,
            2.354002,
            2.3686657,
            2.3926134,
            2.3901186,
            2.3320556,
            2.287311,
            2.350196,
            2.4223108
        ],
        "checkpoints": [
            {
                "batch_id": 164,
                "evaluation": {
                    "legend": "Most recent NN versus best NN so far",
                    "avgr": -0.234375,
                    "redundancy": 0.11791967044284246,