{
    "perfs_self_play": {
        "time": 4970.982353242,
        "allocated": 406472457664,
        "gc_time": 2640.664513525
    },
    "perfs_memory_analysis": {
        "time": 4.31e-7,
        "allocated": 0,
        "gc_time": 0
    },
    "perfs_learning": {
        "time": 230.019185626,
        "allocated": 17732356496,
        "gc_time": 10.54433194
    },
    "self_play": {
        "samples_gen_speed": 23.447835645998417,
        "average_exploration_depth": 4.395934969458181,
        "mcts_memory_footprint": 11393700,
        "memory_size": 233777,
        "memory_num_distinct_boards": 166600
    },
    "memory": null,
    "learning": {
        "time_convert": 1.944288843,
        "time_loss": 26.456220145,
        "time_train": 35.876405367,
        "time_eval": 137.585287652,
        "initial_status": {
            "loss": {
                "L": 2.3239348,
                "Lp": 0.38031304,
                "Lv": 1.7767415,
                "Lreg": 0.16102426,
                "Linv": 0.0054897913
            },
            "Hp": 1.2593902,
            "Hpnet": 1.6270016
        },
        "losses": [
            2.2947688,
            3.2516947,
            2.6659672,
            2.3048172,
            2.5066838,
            2.5037317,
            2.4388392,
            2.4516737,
            2.4670873,
            2.5258658,
            2.5410862,
            2.537705,
            2.5376964,
            2.3984423,
            2.3852217,
            2.5365505,
            2.434322,
            2.2511947,
            1.954883,
            1.6635412,
            1.4626677,
            1.5336325,
            1.4875915,
            1.5139437,
            1.3748013,
            1.4324635,
            1.3924806,
            1.3951967,
            1.3903114,
            1.4115855,
            1.3689442,
            1.3641207,
            1.3581417,
            1.3804722,
            1.3735634,
            1.3292601,
            1.3509774,
            1.3264785,
            1.3439829,
            1.3729005,
            1.3276023,
            1.3325586,
            1.3670835,
            1.3550576,
            1.3133974,
            1.3446803,
            1.3543729,
            1.321337,
            1.3072122,
            1.3023286,
            1.3275139,
            1.3030614,
            1.2811565,
            1.3296875,
            1.2960788,
            1.312098,
            1.3378425,
            1.2832364,
            1.3385594,
            1.2546796,
            1.2829744,
            1.2737184,
            1.2827617,
            1.3024166,
            1.28358,
            1.3140961,
            1.2747676,
            1.3064437,
            1.2519562,
            1.2540796,
            1.2502095,
            1.2436475,
            1.2721796,
            1.2493733,
            1.3318975,
            1.2370485,
            1.1990715,
            1.2112445,
            1.2206302,
            1.19159,
            1.2407002,
            1.1400286,
            1.1567148,
            1.1864032,
            1.152263,
            1.2013708,
            1.1608555,
            1.1957126,
            1.1509134,
            1.1550268,
            1.1576319,
            1.1737101,
            1.11656,
            1.1549864,
            1.1814578,
            1.1608062,
            1.10502,
            1.1162807,
            1.1731356,
            1.1375179,
            1.1821113,
            1.1461877,
            1.1729833,
            1.1196445,
            1.1294168,
            1.1555606,
            1.1136173,
            1.1294693,
            1.0591658,
            1.1614201,
            1.1564418,
            1.1634371,
            1.15919,
            1.1223751,
            1.116825,
            1.1165265,
            1.1496787,
            1.1358463,
            1.0985873,
            1.0829322,
            1.0670553,
            1.129994,
            1.1422882,
            1.109432,
            1.1210345,
            1.0866734,
            1.0541449,
            1.0875043,
            1.0972596,
            1.0741792,
            1.0544083,
            1.0772935,
            1.1085252,
            1.0786309,
            1.0558875,
            1.0945692,
            1.1068362,
            1.053371,
            1.1518906,
            1.0631983,
            1.0289547,
            1.0481175,
            1.0696712,
            1.0955278,
            1.0391759,
            1.0728667,
            1.0687382,
            1.0775259,
            1.0287802,
            1.0658946,
            1.1096535,
            1.124573,
            1.0558772,
            1.022861,
            1.1189929,
            1.0456371,
            1.0901719,
            1.0232685,
            1.0221567,
            0.98884946,
            1.0255976,
            1.0838435,
            1.0537896,
            1.1034245,
            1.0189651,
            1.0217357,
            1.0520244,
            1.0527864,
            1.0209316,
            1.0576739,
            1.0586095,
            1.0908116,
            0.97529054,
            1.0050883,
            1.0633416,
            1.0187001,
            1.0572582,
            1.04275,
            1.0512493,
            1.0428268,
            1.0830774,
            1.0327588,
            0.9896541,
            1.0293931,
            1.0541979,
            1.0002903,
            1.0558497,
            1.0315354,
            1.0544701,
            1.0249188,
            1.0402954,
            0.9702394,
            1.0017011,
            1.0061928,
            1.0205165,
            1.0137042,
            0.99689305,
            1.0208775,
            0.984301,
            1.0088588,
            0.9964528,
            0.97654563,
            0.9993034,
            1.0158923,
            1.0077316,
            1.0292202,
            0.96818334,
            1.0144706,
            1.0367395,
            0.9757895,
            0.9585112,
            0.9811455,
            1.0584965,
            0.9863622,
            0.9991634,
            1.0145109,
            0.96576905,
            1.0025364,
            1.0539215,
            1.0177169,
            0.96810967,
            0.99633414,
            1.010635,
            0.979053,
            0.9375066,
            1.040674,
            1.0492249,
            1.0070736,
            1.0404944,
            0.9523679,
            0.9387783,
            0.98428327,
            0.97879374,
            0.94520456,
            0.9521622,
            1.054564,
            0.95965576,
            0.9547718,
            0.95638907,
            1.0015106,
            0.9785715,
            0.9674176,
            0.922515,
            0.95535403,
            1.0027999,
            0.98036695,
            0.97299594,
            0.9576454,
            0.99207425,
            0.93526757,
            1.0341727,
            0.98637503,
            0.97770697,
            0.99272513,
            0.9702893,
            0.9925117,
            0.96963537,
            0.9606407,
            0.9523752,
            0.9443795,
            0.9630609,
            0.97381365,
            0.95048404,
            0.9838421,
            0.9617765,
            0.963165,
            0.9730946,
            0.9705033,
            0.91072613,
            0.94997835,
            1.0073107,
            0.9494535,
            0.94708496,
            0.96043825,
            1.0060222,
            0.99572736,
            0.94698566,
            0.9773334,
            1.0093931,
            0.9468773,
            0.95955634,
            0.99134576,
            0.9591379,
            1.0109274,
            0.9414993,
            0.9849424,
            0.94901216,
            0.9429881,
            0.9680901,
            0.94042736,
            0.9645374,
            0.9002592,
            0.93846464,
            0.96688837,
            0.9296982,
            0.9191705,
            0.89318603,
            0.96794987,
