{
    "perfs_self_play": {
        "time": 6266.247301631,
        "allocated": 532090851736,
        "gc_time": 3307.126818385
    },
    "perfs_memory_analysis": {
        "time": 6.62e-7,
        "allocated": 0,
        "gc_time": 0
    },
    "perfs_learning": {
        "time": 336.457345457,
        "allocated": 24895020968,
        "gc_time": 16.239640555
    },
    "self_play": {
        "samples_gen_speed": 23.79675749879864,
        "average_exploration_depth": 5.796008066330101,
        "mcts_memory_footprint": 10863624,
        "memory_size": 382879,
        "memory_num_distinct_boards": 272794
    },
    "memory": null,
    "learning": {
        "time_convert": 3.342352189,
        "time_loss": 42.980000936,
        "time_train": 58.399497147,
        "time_eval": 186.600949046,
        "initial_status": {
            "loss": {
                "L": 1.0183314,
                "Lp": 0.32651162,
                "Lv": 0.62698555,
                "Lreg": 0.06292493,
                "Linv": 0.0017634196
            },
            "Hp": 1.134465,
            "Hpnet": 1.492042
        },
        "losses": [
            0.98699796,
            1.47246,
            1.241569,
            1.0844176,
            1.1420404,
            1.1703514,
            1.1106182,
            1.0586817,
            1.0516478,
            1.0155898,
            1.115993,
            1.0163056,
            1.022132,
            0.9944773,
            1.0605899,
            1.032321,
            1.0857066,
            1.0608095,
            0.9877569,
            1.027899,
            1.0705122,
            1.0136262,
            0.9723248,
            1.0389268,
            1.0118196,
            0.9566164,
            0.9483849,
            1.0092176,
            1.006986,
            1.0254551,
            0.9728762,
            0.9458349,
            1.0057473,
            0.97172767,
            0.96427345,
            1.0145451,
            0.9722248,
            0.97752583,
            1.0034676,
            0.96397746,
            0.98809856,
            0.96178484,
            0.97758704,
            0.9699473,
            1.0105859,
            0.9300008,
            0.92326397,
            0.9300907,
            0.97204435,
            0.9878411,
            0.9439766,
            0.96203256,
            0.9581617,
            1.0205489,
            0.96271795,
            0.9253872,
            0.939637,
            0.97928256,
            0.87231445,
            0.9689403,
            0.9449065,
            0.94239926,
            0.9980644,
            0.93678325,
            0.95187676,
            0.94199175,
            0.9153925,
            0.9393914,
            0.98009604,
            0.9554489,
            0.9966616,
            0.94711554,
            0.9029837,
            0.9530644,
            0.9239512,
            0.9354332,
            0.9204873,
            0.938485,
            0.9225631,
            0.9271643,
            0.9301133,
            0.9792045,
            0.94856167,
            0.96810704,
            0.9088914,
            0.90036637,
            0.97257006,
            0.9934973,
            0.93494624,
            0.91842645,
            0.97848517,
            0.91129535,
            0.98972684,
            0.98104906,
            0.90517086,
            0.9236587,
            0.89147377,
            0.8908679,
            0.9244888,
            0.9152058,
            0.9855143,
            0.9578055,
            0.93634546,
            0.9565372,
            0.99235684,
            0.9319668,
            0.91006273,
            0.88541013,
            0.9153096,
            0.93394643,
            0.9521911,
            0.9110734,
            0.90917087,
            0.8935283,
            0.9141967,
            0.92726785,
            0.9387445,
            0.9048693,
            0.912477,
            0.9295379,
            0.8331882,
            0.9605847,
            0.9946893,
            0.8811984,
            0.937586,
            0.923708,
            0.9586889,
            0.90370077,
            0.9374757,
            0.93969715,
            0.88447714,
            0.9600813,
            0.9527369,
            0.8551344,
            0.9000569,
            0.9470394,
            0.9320903,
            0.98121244,
            0.9323184,
            0.90383804,
            0.89960474,
            0.92453516,
            0.9218602,
            0.92473835,
            0.91597813,
            0.9126032,
            0.89690566,
            0.87620044,
            0.94921696,
            0.8936531,
            0.884299,
            0.8654072,
            0.88195866,
            0.9115807,
            0.90577817,
            0.87994635,
            0.9140298,
            0.8483563,
            0.91458696,
            0.91737515,
            0.9809842,
            0.89136434,
            0.89526725,
            0.87662417,
            0.87680084,
            0.8896954,
            0.8756639,
            0.9299842,
            0.905671,
            0.83492184,
            0.9364767,
            0.8695647,
            0.9151172,
            0.87084854,
            0.8668838,
            0.8572074,
            0.87438345,
            0.92692506,
            0.86692333,
            0.871323,
            0.8795979,
            0.8345664,
            0.8740048,
            0.8607026,
            0.8761584,
            0.86366063,
            0.8800669,
            0.91814303,
            0.8923018,
            0.9466374,
            0.8303375,
            0.8732762,
            0.8533704,
            0.912875,
            0.9292479,
            0.9577311,
            0.91878176,
            0.9115571,
            0.8921686,
            0.9166219,
            0.83339304,
            0.8640672,
            0.8621117,
            0.91588193,
            0.90969425,
            0.92735475,
            0.87352407,
            0.90318865,
            0.84282464,
            0.8568984,
            0.8622095,
            0.87698907,
            0.8941464,
            0.90061414,
            0.8379931,
            0.8907317,
            0.90886056,
            0.8502224,
            0.90903693,
            0.82751477,
            0.93717676,
            0.9335994,
            0.8935687,
            0.90360224,
            0.91091293,
            0.88033205,
            0.8640153,
            0.8803976,
            0.9046667,
            0.88625276,
            0.9179158,
            0.90510386,
            0.8940649,
            0.96740377,
            0.8839133,
            0.8503116,
            0.86399597,
            0.9033349,
            0.85526246,
            0.907239,
            0.89537436,
            0.88966346,
            0.88803846,
            0.9314438,
            0.88551897,
            0.8644357,
            0.8795155,
            0.9111301,
            0.93717957,
            0.8875432,
            0.83116204,
            0.91129833,
            0.8195271,
            0.85464424,
            0.8015534,
            0.8508314,
            0.90944487,
            0.91291434,
            0.84521085,
            0.8492447,
            0.91054755,
            0.82442015,
            0.84229076,
            0.83915067,
            0.8797899,
            0.8488475,
            0.8624094,
            0.8132545,
            0.8626982,
            0.8725478,
            0.8606832,
            0.88939846,
            0.8981115,
            0.8628878,
            0.8568553,
            0.8054427,
            0.80934626,
            0.88981086,
            0.9069104,
            0.8974388,
            0.83093816,
            0.83105993,
            0.86994815,
            0.8741745,
            0.86006033,
            0.8612544,
            0.87996006,
            0.8479656,
            0.8712582,
            0.8937019,
            0.82926446,
            0.7892431,
            0.8623093,
            0.88406175,
